row,moving,status,time
272,MSFT/metadata_analysis/register_mni/MNI152_T1_1mm_Brain.nii.gz,already_done,2025-10-14 20:44:29
273,MSFT/metadata_analysis/register_mni/MNI152_T1_1mm_Brain.nii.gz,already_done,2025-10-14 20:44:29
274,MSFT/metadata_analysis/register_mni/MNI152_T1_1mm_Brain.nii.gz,already_done,2025-10-14 20:44:29
275,MSFT/metadata_analysis/register_mni/MNI152_T1_1mm_Brain.nii.gz,already_done,2025-10-14 20:44:29
276,MSFT/metadata_analysis/register_mni/MNI152_T1_1mm_Brain.nii.gz,already_done,2025-10-14 20:44:29
277,MSFT/metadata_analysis/register_mni/MNI152_T1_1mm_Brain.nii.gz,already_done,2025-10-14 20:44:29
278,MSFT/metadata_analysis/register_mni/MNI152_T1_1mm_Brain.nii.gz,already_done,2025-10-14 20:44:29
279,MSFT/metadata_analysis/register_mni/MNI152_T1_1mm_Brain.nii.gz,already_done,2025-10-14 20:44:29
280,MSFT/metadata_analysis/register_mni/MNI152_T1_1mm_Brain.nii.gz,already_done,2025-10-14 20:44:29
281,MSFT/metadata_analysis/register_mni/MNI152_T1_1mm_Brain.nii.gz,already_done,2025-10-14 20:44:29
282,MSFT/metadata_analysis/register_mni/MNI152_T1_1mm_Brain.nii.gz,already_done,2025-10-14 20:44:29
283,MSFT/metadata_analysis/register_mni/MNI152_T1_1mm_Brain.nii.gz,already_done,2025-10-14 20:44:29
284,MSFT/metadata_analysis/register_mni/MNI152_T1_1mm_Brain.nii.gz,already_done,2025-10-14 20:44:29
285,MSFT/metadata_analysis/register_mni/MNI152_T1_1mm_Brain.nii.gz,already_done,2025-10-14 20:44:29
286,MSFT/metadata_analysis/register_mni/MNI152_T1_1mm_Brain.nii.gz,already_done,2025-10-14 20:44:29
287,MSFT/metadata_analysis/register_mni/MNI152_T1_1mm_Brain.nii.gz,already_done,2025-10-14 20:44:29
288,MSFT/metadata_analysis/register_mni/MNI152_T1_1mm_Brain.nii.gz,already_done,2025-10-14 20:44:29
289,MSFT/metadata_analysis/register_mni/MNI152_T1_1mm_Brain.nii.gz,already_done,2025-10-14 20:44:29
290,MSFT/metadata_analysis/register_mni/MNI152_T1_1mm_Brain.nii.gz,already_done,2025-10-14 20:44:29
291,MSFT/metadata_analysis/register_mni/MNI152_T1_1mm_Brain.nii.gz,already_done,2025-10-14 20:44:29
292,MSFT/metadata_analysis/register_mni/MNI152_T1_1mm_Brain.nii.gz,already_done,2025-10-14 20:44:29
293,MSFT/metadata_analysis/register_mni/MNI152_T1_1mm_Brain.nii.gz,already_done,2025-10-14 20:44:29
294,MSFT/metadata_analysis/register_mni/MNI152_T1_1mm_Brain.nii.gz,already_done,2025-10-14 20:44:29
295,MSFT/metadata_analysis/register_mni/MNI152_T1_1mm_Brain.nii.gz,already_done,2025-10-14 20:44:29
296,MSFT/metadata_analysis/register_mni/MNI152_T1_1mm_Brain.nii.gz,already_done,2025-10-14 20:44:29
297,MSFT/metadata_analysis/register_mni/MNI152_T1_1mm_Brain.nii.gz,already_done,2025-10-14 20:44:29
298,MSFT/metadata_analysis/register_mni/MNI152_T1_1mm_Brain.nii.gz,already_done,2025-10-14 20:44:29
299,MSFT/metadata_analysis/register_mni/MNI152_T1_1mm_Brain.nii.gz,already_done,2025-10-14 20:44:29
300,MSFT/metadata_analysis/register_mni/MNI152_T1_1mm_Brain.nii.gz,already_done,2025-10-14 20:44:29
301,MSFT/metadata_analysis/register_mni/MNI152_T1_1mm_Brain.nii.gz,already_done,2025-10-14 20:44:29
302,MSFT/metadata_analysis/register_mni/MNI152_T1_1mm_Brain.nii.gz,already_done,2025-10-14 20:44:29
303,MSFT/metadata_analysis/register_mni/MNI152_T1_1mm_Brain.nii.gz,already_done,2025-10-14 20:44:29
304,MSFT/metadata_analysis/register_mni/MNI152_T1_1mm_Brain.nii.gz,already_done,2025-10-14 20:44:29
305,MSFT/metadata_analysis/register_mni/MNI152_T1_1mm_Brain.nii.gz,already_done,2025-10-14 20:44:29
306,MSFT/metadata_analysis/register_mni/MNI152_T1_1mm_Brain.nii.gz,already_done,2025-10-14 20:44:29
307,MSFT/metadata_analysis/register_mni/MNI152_T1_1mm_Brain.nii.gz,already_done,2025-10-14 20:44:29
308,MSFT/metadata_analysis/register_mni/MNI152_T1_1mm_Brain.nii.gz,already_done,2025-10-14 20:44:29
309,MSFT/metadata_analysis/register_mni/MNI152_T1_1mm_Brain.nii.gz,already_done,2025-10-14 20:44:29
310,MSFT/metadata_analysis/register_mni/MNI152_T1_1mm_Brain.nii.gz,already_done,2025-10-14 20:44:29
311,MSFT/metadata_analysis/register_mni/MNI152_T1_1mm_Brain.nii.gz,already_done,2025-10-14 20:44:29
312,MSFT/metadata_analysis/register_mni/MNI152_T1_1mm_Brain.nii.gz,already_done,2025-10-14 20:44:29
313,MSFT/metadata_analysis/register_mni/MNI152_T1_1mm_Brain.nii.gz,already_done,2025-10-14 20:44:29
314,MSFT/metadata_analysis/register_mni/MNI152_T1_1mm_Brain.nii.gz,already_done,2025-10-14 20:44:29
315,MSFT/metadata_analysis/register_mni/MNI152_T1_1mm_Brain.nii.gz,already_done,2025-10-14 20:44:29
316,MSFT/metadata_analysis/register_mni/MNI152_T1_1mm_Brain.nii.gz,already_done,2025-10-14 20:44:29
317,MSFT/metadata_analysis/register_mni/MNI152_T1_1mm_Brain.nii.gz,already_done,2025-10-14 20:44:29
318,MSFT/metadata_analysis/register_mni/MNI152_T1_1mm_Brain.nii.gz,already_done,2025-10-14 20:44:29
319,MSFT/metadata_analysis/register_mni/MNI152_T1_1mm_Brain.nii.gz,already_done,2025-10-14 20:44:29
320,MSFT/metadata_analysis/register_mni/MNI152_T1_1mm_Brain.nii.gz,already_done,2025-10-14 20:44:29
321,MSFT/metadata_analysis/register_mni/MNI152_T1_1mm_Brain.nii.gz,already_done,2025-10-14 20:44:29
322,MSFT/metadata_analysis/register_mni/MNI152_T1_1mm_Brain.nii.gz,already_done,2025-10-14 20:44:29
323,MSFT/metadata_analysis/register_mni/MNI152_T1_1mm_Brain.nii.gz,already_done,2025-10-14 20:44:29
324,MSFT/metadata_analysis/register_mni/MNI152_T1_1mm_Brain.nii.gz,already_done,2025-10-14 20:44:29
325,MSFT/metadata_analysis/register_mni/MNI152_T1_1mm_Brain.nii.gz,already_done,2025-10-14 20:44:29
326,MSFT/metadata_analysis/register_mni/MNI152_T1_1mm_Brain.nii.gz,already_done,2025-10-14 20:44:29
327,MSFT/metadata_analysis/register_mni/MNI152_T1_1mm_Brain.nii.gz,already_done,2025-10-14 20:44:29
328,MSFT/metadata_analysis/register_mni/MNI152_T1_1mm_Brain.nii.gz,already_done,2025-10-14 20:44:29
329,MSFT/metadata_analysis/register_mni/MNI152_T1_1mm_Brain.nii.gz,already_done,2025-10-14 20:44:29
330,MSFT/metadata_analysis/register_mni/MNI152_T1_1mm_Brain.nii.gz,already_done,2025-10-14 20:44:29
331,MSFT/metadata_analysis/register_mni/MNI152_T1_1mm_Brain.nii.gz,already_done,2025-10-14 20:44:29
332,MSFT/metadata_analysis/register_mni/MNI152_T1_1mm_Brain.nii.gz,already_done,2025-10-14 20:44:29
333,MSFT/metadata_analysis/register_mni/MNI152_T1_1mm_Brain.nii.gz,already_done,2025-10-14 20:44:29
334,MSFT/metadata_analysis/register_mni/MNI152_T1_1mm_Brain.nii.gz,already_done,2025-10-14 20:44:29
335,MSFT/metadata_analysis/register_mni/MNI152_T1_1mm_Brain.nii.gz,already_done,2025-10-14 20:44:29
336,MSFT/metadata_analysis/register_mni/MNI152_T1_1mm_Brain.nii.gz,already_done,2025-10-14 20:44:29
337,MSFT/metadata_analysis/register_mni/MNI152_T1_1mm_Brain.nii.gz,already_done,2025-10-14 20:44:29
338,MSFT/metadata_analysis/register_mni/MNI152_T1_1mm_Brain.nii.gz,already_done,2025-10-14 20:44:29
339,MSFT/metadata_analysis/register_mni/MNI152_T1_1mm_Brain.nii.gz,already_done,2025-10-14 20:44:29
340,MSFT/metadata_analysis/register_mni/MNI152_T1_1mm_Brain.nii.gz,already_done,2025-10-14 20:44:29
341,MSFT/metadata_analysis/register_mni/MNI152_T1_1mm_Brain.nii.gz,already_done,2025-10-14 20:44:29
342,MSFT/metadata_analysis/register_mni/MNI152_T1_1mm_Brain.nii.gz,already_done,2025-10-14 20:44:29
343,MSFT/metadata_analysis/register_mni/MNI152_T1_1mm_Brain.nii.gz,already_done,2025-10-14 20:44:29
344,MSFT/metadata_analysis/register_mni/MNI152_T1_1mm_Brain.nii.gz,already_done,2025-10-14 20:44:29
345,MSFT/metadata_analysis/register_mni/MNI152_T1_1mm_Brain.nii.gz,already_done,2025-10-14 20:44:29
346,MSFT/metadata_analysis/register_mni/MNI152_T1_1mm_Brain.nii.gz,already_done,2025-10-14 20:44:29
347,MSFT/metadata_analysis/register_mni/MNI152_T1_1mm_Brain.nii.gz,already_done,2025-10-14 20:44:29
348,MSFT/metadata_analysis/register_mni/MNI152_T1_1mm_Brain.nii.gz,already_done,2025-10-14 20:44:29
349,MSFT/metadata_analysis/register_mni/MNI152_T1_1mm_Brain.nii.gz,already_done,2025-10-14 20:44:29
350,MSFT/metadata_analysis/register_mni/MNI152_T1_1mm_Brain.nii.gz,already_done,2025-10-14 20:44:29
351,MSFT/metadata_analysis/register_mni/MNI152_T1_1mm_Brain.nii.gz,already_done,2025-10-14 20:44:29
352,MSFT/metadata_analysis/register_mni/MNI152_T1_1mm_Brain.nii.gz,already_done,2025-10-14 20:44:29
353,MSFT/metadata_analysis/register_mni/MNI152_T1_1mm_Brain.nii.gz,already_done,2025-10-14 20:44:29
354,MSFT/metadata_analysis/register_mni/MNI152_T1_1mm_Brain.nii.gz,already_done,2025-10-14 20:44:29
355,MSFT/metadata_analysis/register_mni/MNI152_T1_1mm_Brain.nii.gz,already_done,2025-10-14 20:44:29
356,MSFT/metadata_analysis/register_mni/MNI152_T1_1mm_Brain.nii.gz,already_done,2025-10-14 20:44:29
357,MSFT/metadata_analysis/register_mni/MNI152_T1_1mm_Brain.nii.gz,already_done,2025-10-14 20:44:29
358,MSFT/metadata_analysis/register_mni/MNI152_T1_1mm_Brain.nii.gz,already_done,2025-10-14 20:44:29
359,MSFT/metadata_analysis/register_mni/MNI152_T1_1mm_Brain.nii.gz,already_done,2025-10-14 20:44:29
360,MSFT/metadata_analysis/register_mni/MNI152_T1_1mm_Brain.nii.gz,already_done,2025-10-14 20:44:29
361,MSFT/metadata_analysis/register_mni/MNI152_T1_1mm_Brain.nii.gz,already_done,2025-10-14 20:44:29
362,MSFT/metadata_analysis/register_mni/MNI152_T1_1mm_Brain.nii.gz,already_done,2025-10-14 20:44:29
363,MSFT/metadata_analysis/register_mni/MNI152_T1_1mm_Brain.nii.gz,already_done,2025-10-14 20:44:29
364,MSFT/metadata_analysis/register_mni/MNI152_T1_1mm_Brain.nii.gz,already_done,2025-10-14 20:44:29
365,MSFT/metadata_analysis/register_mni/MNI152_T1_1mm_Brain.nii.gz,already_done,2025-10-14 20:44:29
366,MSFT/metadata_analysis/register_mni/MNI152_T1_1mm_Brain.nii.gz,already_done,2025-10-14 20:44:29
367,MSFT/metadata_analysis/register_mni/MNI152_T1_1mm_Brain.nii.gz,already_done,2025-10-14 20:44:29
368,MSFT/metadata_analysis/register_mni/MNI152_T1_1mm_Brain.nii.gz,already_done,2025-10-14 20:44:29
369,MSFT/metadata_analysis/register_mni/MNI152_T1_1mm_Brain.nii.gz,already_done,2025-10-14 20:44:29
370,MSFT/metadata_analysis/register_mni/MNI152_T1_1mm_Brain.nii.gz,already_done,2025-10-14 20:44:29
371,MSFT/metadata_analysis/register_mni/MNI152_T1_1mm_Brain.nii.gz,already_done,2025-10-14 20:44:29
372,MSFT/metadata_analysis/register_mni/MNI152_T1_1mm_Brain.nii.gz,already_done,2025-10-14 20:44:29
373,MSFT/metadata_analysis/register_mni/MNI152_T1_1mm_Brain.nii.gz,already_done,2025-10-14 20:44:29
374,MSFT/metadata_analysis/register_mni/MNI152_T1_1mm_Brain.nii.gz,already_done,2025-10-14 20:44:29
375,MSFT/metadata_analysis/register_mni/MNI152_T1_1mm_Brain.nii.gz,already_done,2025-10-14 20:44:29
376,MSFT/metadata_analysis/register_mni/MNI152_T1_1mm_Brain.nii.gz,already_done,2025-10-14 20:44:29
377,MSFT/metadata_analysis/register_mni/MNI152_T1_1mm_Brain.nii.gz,already_done,2025-10-14 20:44:29
378,MSFT/metadata_analysis/register_mni/MNI152_T1_1mm_Brain.nii.gz,already_done,2025-10-14 20:44:29
379,MSFT/metadata_analysis/register_mni/MNI152_T1_1mm_Brain.nii.gz,already_done,2025-10-14 20:44:29
380,MSFT/metadata_analysis/register_mni/MNI152_T1_1mm_Brain.nii.gz,already_done,2025-10-14 20:44:29
381,MSFT/metadata_analysis/register_mni/MNI152_T1_1mm_Brain.nii.gz,already_done,2025-10-14 20:44:29
382,MSFT/metadata_analysis/register_mni/MNI152_T1_1mm_Brain.nii.gz,already_done,2025-10-14 20:44:29
383,MSFT/metadata_analysis/register_mni/MNI152_T1_1mm_Brain.nii.gz,already_done,2025-10-14 20:44:29
384,MSFT/metadata_analysis/register_mni/MNI152_T1_1mm_Brain.nii.gz,already_done,2025-10-14 20:44:29
385,MSFT/metadata_analysis/register_mni/MNI152_T1_1mm_Brain.nii.gz,already_done,2025-10-14 20:44:29
386,MSFT/metadata_analysis/register_mni/MNI152_T1_1mm_Brain.nii.gz,already_done,2025-10-14 20:44:29
387,MSFT/metadata_analysis/register_mni/MNI152_T1_1mm_Brain.nii.gz,already_done,2025-10-14 20:44:29
388,MSFT/metadata_analysis/register_mni/MNI152_T1_1mm_Brain.nii.gz,already_done,2025-10-14 20:44:29
389,MSFT/metadata_analysis/register_mni/MNI152_T1_1mm_Brain.nii.gz,already_done,2025-10-14 20:44:29
390,MSFT/metadata_analysis/register_mni/MNI152_T1_1mm_Brain.nii.gz,already_done,2025-10-14 20:44:29
391,MSFT/metadata_analysis/register_mni/MNI152_T1_1mm_Brain.nii.gz,already_done,2025-10-14 20:44:29
392,MSFT/metadata_analysis/register_mni/MNI152_T1_1mm_Brain.nii.gz,already_done,2025-10-14 20:44:29
393,MSFT/metadata_analysis/register_mni/MNI152_T1_1mm_Brain.nii.gz,already_done,2025-10-14 20:44:29
394,MSFT/metadata_analysis/register_mni/MNI152_T1_1mm_Brain.nii.gz,success,2025-10-14 20:44:29
395,MSFT/metadata_analysis/register_mni/MNI152_T1_1mm_Brain.nii.gz,success,2025-10-14 20:46:22
396,MSFT/metadata_analysis/register_mni/MNI152_T1_1mm_Brain.nii.gz,success,2025-10-14 20:48:18
397,MSFT/metadata_analysis/register_mni/MNI152_T1_1mm_Brain.nii.gz,success,2025-10-14 20:50:18
398,MSFT/metadata_analysis/register_mni/MNI152_T1_1mm_Brain.nii.gz,success,2025-10-14 20:52:13
399,MSFT/metadata_analysis/register_mni/MNI152_T1_1mm_Brain.nii.gz,success,2025-10-14 20:54:12
400,MSFT/metadata_analysis/register_mni/MNI152_T1_1mm_Brain.nii.gz,success,2025-10-14 20:56:10
401,MSFT/metadata_analysis/register_mni/MNI152_T1_1mm_Brain.nii.gz,success,2025-10-14 20:58:08
402,MSFT/metadata_analysis/register_mni/MNI152_T1_1mm_Brain.nii.gz,success,2025-10-14 21:00:06
403,MSFT/metadata_analysis/register_mni/MNI152_T1_1mm_Brain.nii.gz,success,2025-10-14 21:02:05
404,MSFT/metadata_analysis/register_mni/MNI152_T1_1mm_Brain.nii.gz,success,2025-10-14 21:04:06
405,MSFT/metadata_analysis/register_mni/MNI152_T1_1mm_Brain.nii.gz,success,2025-10-14 21:05:55
406,MSFT/metadata_analysis/register_mni/MNI152_T1_1mm_Brain.nii.gz,success,2025-10-14 21:07:39
407,MSFT/metadata_analysis/register_mni/MNI152_T1_1mm_Brain.nii.gz,success,2025-10-14 21:09:21
408,MSFT/metadata_analysis/register_mni/MNI152_T1_1mm_Brain.nii.gz,already_done,2025-10-14 21:11:04
409,MSFT/metadata_analysis/register_mni/MNI152_T1_1mm_Brain.nii.gz,already_done,2025-10-14 21:11:04
410,MSFT/metadata_analysis/register_mni/MNI152_T1_1mm_Brain.nii.gz,already_done,2025-10-14 21:11:04
411,MSFT/metadata_analysis/register_mni/MNI152_T1_1mm_Brain.nii.gz,already_done,2025-10-14 21:11:04
412,MSFT/metadata_analysis/register_mni/MNI152_T1_1mm_Brain.nii.gz,already_done,2025-10-14 21:11:04
413,MSFT/metadata_analysis/register_mni/MNI152_T1_1mm_Brain.nii.gz,already_done,2025-10-14 21:11:04
414,MSFT/metadata_analysis/register_mni/MNI152_T1_1mm_Brain.nii.gz,already_done,2025-10-14 21:11:04
415,MSFT/metadata_analysis/register_mni/MNI152_T1_1mm_Brain.nii.gz,already_done,2025-10-14 21:11:04
416,MSFT/metadata_analysis/register_mni/MNI152_T1_1mm_Brain.nii.gz,already_done,2025-10-14 21:11:04
417,MSFT/metadata_analysis/register_mni/MNI152_T1_1mm_Brain.nii.gz,already_done,2025-10-14 21:11:04
418,MSFT/metadata_analysis/register_mni/MNI152_T1_1mm_Brain.nii.gz,already_done,2025-10-14 21:11:04
419,MSFT/metadata_analysis/register_mni/MNI152_T1_1mm_Brain.nii.gz,already_done,2025-10-14 21:11:04
420,MSFT/metadata_analysis/register_mni/MNI152_T1_1mm_Brain.nii.gz,already_done,2025-10-14 21:11:04
421,MSFT/metadata_analysis/register_mni/MNI152_T1_1mm_Brain.nii.gz,already_done,2025-10-14 21:11:04
422,MSFT/metadata_analysis/register_mni/MNI152_T1_1mm_Brain.nii.gz,already_done,2025-10-14 21:11:04
423,MSFT/metadata_analysis/register_mni/MNI152_T1_1mm_Brain.nii.gz,already_done,2025-10-14 21:11:04
424,MSFT/metadata_analysis/register_mni/MNI152_T1_1mm_Brain.nii.gz,already_done,2025-10-14 21:11:04
425,MSFT/metadata_analysis/register_mni/MNI152_T1_1mm_Brain.nii.gz,already_done,2025-10-14 21:11:04
426,MSFT/metadata_analysis/register_mni/MNI152_T1_1mm_Brain.nii.gz,already_done,2025-10-14 21:11:04
427,MSFT/metadata_analysis/register_mni/MNI152_T1_1mm_Brain.nii.gz,already_done,2025-10-14 21:11:04
428,MSFT/metadata_analysis/register_mni/MNI152_T1_1mm_Brain.nii.gz,already_done,2025-10-14 21:11:04
429,MSFT/metadata_analysis/register_mni/MNI152_T1_1mm_Brain.nii.gz,already_done,2025-10-14 21:11:04
430,MSFT/metadata_analysis/register_mni/MNI152_T1_1mm_Brain.nii.gz,already_done,2025-10-14 21:11:04
431,MSFT/metadata_analysis/register_mni/MNI152_T1_1mm_Brain.nii.gz,already_done,2025-10-14 21:11:04
432,MSFT/metadata_analysis/register_mni/MNI152_T1_1mm_Brain.nii.gz,already_done,2025-10-14 21:11:04
433,MSFT/metadata_analysis/register_mni/MNI152_T1_1mm_Brain.nii.gz,already_done,2025-10-14 21:11:04
434,MSFT/metadata_analysis/register_mni/MNI152_T1_1mm_Brain.nii.gz,already_done,2025-10-14 21:11:04
435,MSFT/metadata_analysis/register_mni/MNI152_T1_1mm_Brain.nii.gz,already_done,2025-10-14 21:11:04
436,MSFT/metadata_analysis/register_mni/MNI152_T1_1mm_Brain.nii.gz,already_done,2025-10-14 21:11:04
437,MSFT/metadata_analysis/register_mni/MNI152_T1_1mm_Brain.nii.gz,already_done,2025-10-14 21:11:04
438,MSFT/metadata_analysis/register_mni/MNI152_T1_1mm_Brain.nii.gz,already_done,2025-10-14 21:11:04
439,MSFT/metadata_analysis/register_mni/MNI152_T1_1mm_Brain.nii.gz,already_done,2025-10-14 21:11:04
440,MSFT/metadata_analysis/register_mni/MNI152_T1_1mm_Brain.nii.gz,already_done,2025-10-14 21:11:04
441,MSFT/metadata_analysis/register_mni/MNI152_T1_1mm_Brain.nii.gz,already_done,2025-10-14 21:11:04
442,MSFT/metadata_analysis/register_mni/MNI152_T1_1mm_Brain.nii.gz,already_done,2025-10-14 21:11:04
443,MSFT/metadata_analysis/register_mni/MNI152_T1_1mm_Brain.nii.gz,already_done,2025-10-14 21:11:04
444,MSFT/metadata_analysis/register_mni/MNI152_T1_1mm_Brain.nii.gz,already_done,2025-10-14 21:11:04
445,MSFT/metadata_analysis/register_mni/MNI152_T1_1mm_Brain.nii.gz,already_done,2025-10-14 21:11:04
446,MSFT/metadata_analysis/register_mni/MNI152_T1_1mm_Brain.nii.gz,already_done,2025-10-14 21:11:04
447,MSFT/metadata_analysis/register_mni/MNI152_T1_1mm_Brain.nii.gz,already_done,2025-10-14 21:11:04
448,MSFT/metadata_analysis/register_mni/MNI152_T1_1mm_Brain.nii.gz,already_done,2025-10-14 21:11:04
449,MSFT/metadata_analysis/register_mni/MNI152_T1_1mm_Brain.nii.gz,already_done,2025-10-14 21:11:04
450,MSFT/metadata_analysis/register_mni/MNI152_T1_1mm_Brain.nii.gz,already_done,2025-10-14 21:11:04
451,MSFT/metadata_analysis/register_mni/MNI152_T1_1mm_Brain.nii.gz,already_done,2025-10-14 21:11:04
452,MSFT/metadata_analysis/register_mni/MNI152_T1_1mm_Brain.nii.gz,already_done,2025-10-14 21:11:04
453,MSFT/metadata_analysis/register_mni/MNI152_T1_1mm_Brain.nii.gz,already_done,2025-10-14 21:11:04
454,MSFT/metadata_analysis/register_mni/MNI152_T1_1mm_Brain.nii.gz,already_done,2025-10-14 21:11:04
455,MSFT/metadata_analysis/register_mni/MNI152_T1_1mm_Brain.nii.gz,already_done,2025-10-14 21:11:04
456,MSFT/metadata_analysis/register_mni/MNI152_T1_1mm_Brain.nii.gz,already_done,2025-10-14 21:11:04
457,MSFT/metadata_analysis/register_mni/MNI152_T1_1mm_Brain.nii.gz,already_done,2025-10-14 21:11:04
458,MSFT/metadata_analysis/register_mni/MNI152_T1_1mm_Brain.nii.gz,already_done,2025-10-14 21:11:04
459,MSFT/metadata_analysis/register_mni/MNI152_T1_1mm_Brain.nii.gz,already_done,2025-10-14 21:11:04
460,MSFT/metadata_analysis/register_mni/MNI152_T1_1mm_Brain.nii.gz,already_done,2025-10-14 21:11:04
461,MSFT/metadata_analysis/register_mni/MNI152_T1_1mm_Brain.nii.gz,already_done,2025-10-14 21:11:04
462,MSFT/metadata_analysis/register_mni/MNI152_T1_1mm_Brain.nii.gz,already_done,2025-10-14 21:11:04
463,MSFT/metadata_analysis/register_mni/MNI152_T1_1mm_Brain.nii.gz,already_done,2025-10-14 21:11:04
464,MSFT/metadata_analysis/register_mni/MNI152_T1_1mm_Brain.nii.gz,already_done,2025-10-14 21:11:04
465,MSFT/metadata_analysis/register_mni/MNI152_T1_1mm_Brain.nii.gz,already_done,2025-10-14 21:11:04
466,MSFT/metadata_analysis/register_mni/MNI152_T1_1mm_Brain.nii.gz,already_done,2025-10-14 21:11:04
467,MSFT/metadata_analysis/register_mni/MNI152_T1_1mm_Brain.nii.gz,already_done,2025-10-14 21:11:04
468,MSFT/metadata_analysis/register_mni/MNI152_T1_1mm_Brain.nii.gz,already_done,2025-10-14 21:11:04
469,MSFT/metadata_analysis/register_mni/MNI152_T1_1mm_Brain.nii.gz,already_done,2025-10-14 21:11:04
470,MSFT/metadata_analysis/register_mni/MNI152_T1_1mm_Brain.nii.gz,already_done,2025-10-14 21:11:04
471,MSFT/metadata_analysis/register_mni/MNI152_T1_1mm_Brain.nii.gz,already_done,2025-10-14 21:11:04
472,MSFT/metadata_analysis/register_mni/MNI152_T1_1mm_Brain.nii.gz,already_done,2025-10-14 21:11:04
473,MSFT/metadata_analysis/register_mni/MNI152_T1_1mm_Brain.nii.gz,already_done,2025-10-14 21:11:04
474,MSFT/metadata_analysis/register_mni/MNI152_T1_1mm_Brain.nii.gz,already_done,2025-10-14 21:11:04
475,MSFT/metadata_analysis/register_mni/MNI152_T1_1mm_Brain.nii.gz,already_done,2025-10-14 21:11:04
476,MSFT/metadata_analysis/register_mni/MNI152_T1_1mm_Brain.nii.gz,already_done,2025-10-14 21:11:04
477,MSFT/metadata_analysis/register_mni/MNI152_T1_1mm_Brain.nii.gz,already_done,2025-10-14 21:11:04
478,MSFT/metadata_analysis/register_mni/MNI152_T1_1mm_Brain.nii.gz,already_done,2025-10-14 21:11:04
479,MSFT/metadata_analysis/register_mni/MNI152_T1_1mm_Brain.nii.gz,already_done,2025-10-14 21:11:04
480,MSFT/metadata_analysis/register_mni/MNI152_T1_1mm_Brain.nii.gz,already_done,2025-10-14 21:11:04
481,MSFT/metadata_analysis/register_mni/MNI152_T1_1mm_Brain.nii.gz,already_done,2025-10-14 21:11:04
482,MSFT/metadata_analysis/register_mni/MNI152_T1_1mm_Brain.nii.gz,already_done,2025-10-14 21:11:04
483,MSFT/metadata_analysis/register_mni/MNI152_T1_1mm_Brain.nii.gz,already_done,2025-10-14 21:11:04
484,MSFT/metadata_analysis/register_mni/MNI152_T1_1mm_Brain.nii.gz,already_done,2025-10-14 21:11:04
485,MSFT/metadata_analysis/register_mni/MNI152_T1_1mm_Brain.nii.gz,already_done,2025-10-14 21:11:04
486,MSFT/metadata_analysis/register_mni/MNI152_T1_1mm_Brain.nii.gz,already_done,2025-10-14 21:11:04
487,MSFT/metadata_analysis/register_mni/MNI152_T1_1mm_Brain.nii.gz,already_done,2025-10-14 21:11:04
488,MSFT/metadata_analysis/register_mni/MNI152_T1_1mm_Brain.nii.gz,already_done,2025-10-14 21:11:04
489,MSFT/metadata_analysis/register_mni/MNI152_T1_1mm_Brain.nii.gz,already_done,2025-10-14 21:11:04
490,MSFT/metadata_analysis/register_mni/MNI152_T1_1mm_Brain.nii.gz,already_done,2025-10-14 21:11:04
491,MSFT/metadata_analysis/register_mni/MNI152_T1_1mm_Brain.nii.gz,already_done,2025-10-14 21:11:04
492,MSFT/metadata_analysis/register_mni/MNI152_T1_1mm_Brain.nii.gz,already_done,2025-10-14 21:11:04
493,MSFT/metadata_analysis/register_mni/MNI152_T1_1mm_Brain.nii.gz,already_done,2025-10-14 21:11:04
494,MSFT/metadata_analysis/register_mni/MNI152_T1_1mm_Brain.nii.gz,already_done,2025-10-14 21:11:04
495,MSFT/metadata_analysis/register_mni/MNI152_T1_1mm_Brain.nii.gz,already_done,2025-10-14 21:11:04
496,MSFT/metadata_analysis/register_mni/MNI152_T1_1mm_Brain.nii.gz,already_done,2025-10-14 21:11:04
497,MSFT/metadata_analysis/register_mni/MNI152_T1_1mm_Brain.nii.gz,already_done,2025-10-14 21:11:04
498,MSFT/metadata_analysis/register_mni/MNI152_T1_1mm_Brain.nii.gz,already_done,2025-10-14 21:11:04
499,MSFT/metadata_analysis/register_mni/MNI152_T1_1mm_Brain.nii.gz,already_done,2025-10-14 21:11:04
500,MSFT/metadata_analysis/register_mni/MNI152_T1_1mm_Brain.nii.gz,already_done,2025-10-14 21:11:04
501,MSFT/metadata_analysis/register_mni/MNI152_T1_1mm_Brain.nii.gz,already_done,2025-10-14 21:11:04
502,MSFT/metadata_analysis/register_mni/MNI152_T1_1mm_Brain.nii.gz,already_done,2025-10-14 21:11:04
503,MSFT/metadata_analysis/register_mni/MNI152_T1_1mm_Brain.nii.gz,already_done,2025-10-14 21:11:04
504,MSFT/metadata_analysis/register_mni/MNI152_T1_1mm_Brain.nii.gz,already_done,2025-10-14 21:11:04
505,MSFT/metadata_analysis/register_mni/MNI152_T1_1mm_Brain.nii.gz,already_done,2025-10-14 21:11:04
506,MSFT/metadata_analysis/register_mni/MNI152_T1_1mm_Brain.nii.gz,already_done,2025-10-14 21:11:04
507,MSFT/metadata_analysis/register_mni/MNI152_T1_1mm_Brain.nii.gz,already_done,2025-10-14 21:11:04
508,MSFT/metadata_analysis/register_mni/MNI152_T1_1mm_Brain.nii.gz,already_done,2025-10-14 21:11:04
509,MSFT/metadata_analysis/register_mni/MNI152_T1_1mm_Brain.nii.gz,already_done,2025-10-14 21:11:04
510,MSFT/metadata_analysis/register_mni/MNI152_T1_1mm_Brain.nii.gz,already_done,2025-10-14 21:11:04
511,MSFT/metadata_analysis/register_mni/MNI152_T1_1mm_Brain.nii.gz,already_done,2025-10-14 21:11:04
512,MSFT/metadata_analysis/register_mni/MNI152_T1_1mm_Brain.nii.gz,already_done,2025-10-14 21:11:04
513,MSFT/metadata_analysis/register_mni/MNI152_T1_1mm_Brain.nii.gz,already_done,2025-10-14 21:11:04
514,MSFT/metadata_analysis/register_mni/MNI152_T1_1mm_Brain.nii.gz,already_done,2025-10-14 21:11:04
515,MSFT/metadata_analysis/register_mni/MNI152_T1_1mm_Brain.nii.gz,already_done,2025-10-14 21:11:04
516,MSFT/metadata_analysis/register_mni/MNI152_T1_1mm_Brain.nii.gz,already_done,2025-10-14 21:11:04
517,MSFT/metadata_analysis/register_mni/MNI152_T1_1mm_Brain.nii.gz,already_done,2025-10-14 21:11:04
518,MSFT/metadata_analysis/register_mni/MNI152_T1_1mm_Brain.nii.gz,already_done,2025-10-14 21:11:04
519,MSFT/metadata_analysis/register_mni/MNI152_T1_1mm_Brain.nii.gz,already_done,2025-10-14 21:11:04
520,MSFT/metadata_analysis/register_mni/MNI152_T1_1mm_Brain.nii.gz,already_done,2025-10-14 21:11:04
521,MSFT/metadata_analysis/register_mni/MNI152_T1_1mm_Brain.nii.gz,already_done,2025-10-14 21:11:04
522,MSFT/metadata_analysis/register_mni/MNI152_T1_1mm_Brain.nii.gz,already_done,2025-10-14 21:11:04
523,MSFT/metadata_analysis/register_mni/MNI152_T1_1mm_Brain.nii.gz,already_done,2025-10-14 21:11:04
524,MSFT/metadata_analysis/register_mni/MNI152_T1_1mm_Brain.nii.gz,already_done,2025-10-14 21:11:04
525,MSFT/metadata_analysis/register_mni/MNI152_T1_1mm_Brain.nii.gz,already_done,2025-10-14 21:11:04
526,MSFT/metadata_analysis/register_mni/MNI152_T1_1mm_Brain.nii.gz,already_done,2025-10-14 21:11:04
527,MSFT/metadata_analysis/register_mni/MNI152_T1_1mm_Brain.nii.gz,already_done,2025-10-14 21:11:04
528,MSFT/metadata_analysis/register_mni/MNI152_T1_1mm_Brain.nii.gz,already_done,2025-10-14 21:11:04
529,MSFT/metadata_analysis/register_mni/MNI152_T1_1mm_Brain.nii.gz,already_done,2025-10-14 21:11:04
530,MSFT/metadata_analysis/register_mni/MNI152_T1_1mm_Brain.nii.gz,success,2025-10-14 21:11:04
531,MSFT/metadata_analysis/register_mni/MNI152_T1_1mm_Brain.nii.gz,success,2025-10-14 21:12:47
532,MSFT/metadata_analysis/register_mni/MNI152_T1_1mm_Brain.nii.gz,success,2025-10-14 21:14:29
533,MSFT/metadata_analysis/register_mni/MNI152_T1_1mm_Brain.nii.gz,success,2025-10-14 21:16:11
534,MSFT/metadata_analysis/register_mni/MNI152_T1_1mm_Brain.nii.gz,success,2025-10-14 21:17:53
535,MSFT/metadata_analysis/register_mni/MNI152_T1_1mm_Brain.nii.gz,success,2025-10-14 21:19:35
536,MSFT/metadata_analysis/register_mni/MNI152_T1_1mm_Brain.nii.gz,success,2025-10-14 21:21:19
537,MSFT/metadata_analysis/register_mni/MNI152_T1_1mm_Brain.nii.gz,success,2025-10-14 21:23:01
538,MSFT/metadata_analysis/register_mni/MNI152_T1_1mm_Brain.nii.gz,success,2025-10-14 21:24:45
539,MSFT/metadata_analysis/register_mni/MNI152_T1_1mm_Brain.nii.gz,success,2025-10-14 21:26:29
540,MSFT/metadata_analysis/register_mni/MNI152_T1_1mm_Brain.nii.gz,success,2025-10-14 21:28:14
541,MSFT/metadata_analysis/register_mni/MNI152_T1_1mm_Brain.nii.gz,success,2025-10-14 21:29:56
542,MSFT/metadata_analysis/register_mni/MNI152_T1_1mm_Brain.nii.gz,success,2025-10-14 21:31:39
543,MSFT/metadata_analysis/register_mni/MNI152_T1_1mm_Brain.nii.gz,success,2025-10-14 21:33:25
